{
  "baseline": {
    "task_easy": 0.22699999999999987,
    "task_medium": 0.452,
    "task_hard": 0.10066666666666664,
    "task_expert": 0.40233333333333327
  },
  "trained": {
    "task_easy": 0.27266666666666656,
    "task_medium": 0.48700000000000004,
    "task_hard": 0.11699999999999997,
    "task_expert": 0.41899999999999993
  },
  "baseline_per_episode": {
    "task_easy": [
      0.01,
      0.3,
      0.57,
      0.01,
      0.57,
      0.01,
      0.01,
      0.99,
      0.01,
      0.01,
      0.01,
      0.01,
      0.99,
      0.01,
      0.01,
      0.01,
      0.01,
      0.01,
      0.99,
      0.01,
      0.01,
      0.01,
      0.01,
      0.01,
      0.6,
      0.6,
      0.99,
      0.01,
      0.01,
      0.01
    ],
    "task_medium": [
      0.99,
      0.01,
      0.4,
      0.25,
      0.15,
      0.62,
      0.99,
      0.4,
      0.99,
      0.4,
      0.99,
      0.72,
      0.72,
      0.01,
      0.25,
      0.01,
      0.72,
      0.01,
      0.35,
      0.25,
      0.72,
      0.01,
      0.4,
      0.01,
      0.4,
      0.4,
      0.4,
      0.99,
      0.01,
      0.99
    ],
    "task_hard": [
      0.01,
      0.01,
      0.01,
      0.3,
      0.01,
      0.01,
      0.01,
      0.35,
      0.01,
      0.01,
      0.01,
      0.01,
      0.01,
      0.01,
      0.3,
      0.01,
      0.01,
      0.01,
      0.45,
      0.3,
      0.01,
      0.01,
      0.45,
      0.01,
      0.01,
      0.35,
      0.01,
      0.01,
      0.01,
      0.3
    ],
    "task_expert": [
      0.94,
      0.01,
      0.01,
      0.01,
      0.01,
      0.01,
      0.52,
      0.01,
      0.99,
      0.01,
      0.99,
      0.52,
      0.52,
      0.99,
      0.01,
      0.01,
      0.99,
      0.05,
      0.01,
      0.01,
      0.52,
      0.99,
      0.52,
      0.94,
      0.01,
      0.01,
      0.47,
      0.99,
      0.99,
      0.01
    ]
  },
  "trained_per_episode": {
    "task_easy": [
      0.01,
      0.3,
      0.57,
      0.01,
      0.57,
      0.01,
      0.01,
      0.99,
      0.99,
      0.01,
      0.01,
      0.01,
      0.99,
      0.01,
      0.01,
      0.01,
      0.01,
      0.01,
      0.99,
      0.01,
      0.01,
      0.01,
      0.01,
      0.01,
      0.99,
      0.6,
      0.99,
      0.01,
      0.01,
      0.01
    ],
    "task_medium": [
      0.99,
      0.01,
      0.4,
      0.25,
      0.01,
      0.99,
      0.99,
      0.4,
      0.99,
      0.4,
      0.99,
      0.72,
      0.72,
      0.01,
      0.4,
      0.01,
      0.99,
      0.01,
      0.35,
      0.4,
      0.97,
      0.01,
      0.4,
      0.01,
      0.4,
      0.4,
      0.4,
      0.99,
      0.01,
      0.99
    ],
    "task_hard": [
      0.01,
      0.01,
      0.01,
      0.35,
      0.01,
      0.01,
      0.01,
      0.35,
      0.01,
      0.01,
      0.01,
      0.01,
      0.01,
      0.01,
      0.3,
      0.01,
      0.01,
      0.01,
      0.45,
      0.3,
      0.01,
      0.01,
      0.89,
      0.01,
      0.01,
      0.35,
      0.01,
      0.01,
      0.01,
      0.3
    ],
    "task_expert": [
      0.94,
      0.01,
      0.01,
      0.01,
      0.01,
      0.01,
      0.52,
      0.01,
      0.99,
      0.01,
      0.99,
      0.52,
      0.52,
      0.99,
      0.01,
      0.01,
      0.99,
      0.55,
      0.01,
      0.01,
      0.52,
      0.99,
      0.52,
      0.94,
      0.01,
      0.01,
      0.47,
      0.99,
      0.99,
      0.01
    ]
  },
  "n_episodes_per_task": 30,
  "training_config": "single-phase task_hard, 40 steps, num_gen=8"
}