{
  "baseline": {
    "task_easy": 0.22199999999999998,
    "task_medium": 0.528,
    "task_hard": 0.068,
    "task_expert": 0.25199999999999995
  },
  "trained": {
    "task_easy": 0.24899999999999994,
    "task_medium": 0.528,
    "task_hard": 0.06300000000000001,
    "task_expert": 0.257
  },
  "baseline_per_episode": {
    "task_easy": [
      0.01,
      0.3,
      0.3,
      0.01,
      0.57,
      0.01,
      0.01,
      0.99,
      0.01,
      0.01
    ],
    "task_medium": [
      0.99,
      0.01,
      0.25,
      0.25,
      0.01,
      0.99,
      0.99,
      0.4,
      0.99,
      0.4
    ],
    "task_hard": [
      0.01,
      0.01,
      0.01,
      0.35,
      0.01,
      0.01,
      0.01,
      0.25,
      0.01,
      0.01
    ],
    "task_expert": [
      0.94,
      0.01,
      0.01,
      0.01,
      0.01,
      0.01,
      0.52,
      0.01,
      0.99,
      0.01
    ]
  },
  "trained_per_episode": {
    "task_easy": [
      0.01,
      0.3,
      0.57,
      0.01,
      0.57,
      0.01,
      0.01,
      0.99,
      0.01,
      0.01
    ],
    "task_medium": [
      0.99,
      0.01,
      0.25,
      0.25,
      0.01,
      0.99,
      0.99,
      0.4,
      0.99,
      0.4
    ],
    "task_hard": [
      0.01,
      0.01,
      0.01,
      0.35,
      0.01,
      0.01,
      0.01,
      0.2,
      0.01,
      0.01
    ],
    "task_expert": [
      0.99,
      0.01,
      0.01,
      0.01,
      0.01,
      0.01,
      0.52,
      0.01,
      0.99,
      0.01
    ]
  },
  "n_episodes_per_task": 10,
  "training_schedule": [
    "task_easy",
    "task_medium",
    "task_hard",
    "task_expert"
  ],
  "steps_per_phase": 20
}