{
  "baseline": {
    "task_easy": 0.648,
    "task_medium": 0.609,
    "task_hard": 0.11200000000000002,
    "task_expert": 0.030000000000000006
  },
  "trained": {
    "task_easy": 0.45999999999999996,
    "task_medium": 0.636,
    "task_hard": 0.12000000000000002,
    "task_expert": 0.034
  },
  "baseline_per_episode": {
    "task_easy": [
      0.6,
      0.3,
      0.57,
      0.99,
      0.05,
      0.01,
      0.99,
      0.99,
      0.99,
      0.99
    ],
    "task_medium": [
      0.99,
      0.01,
      0.89,
      0.25,
      0.01,
      0.99,
      0.99,
      0.99,
      0.72,
      0.25
    ],
    "task_hard": [
      0.01,
      0.01,
      0.01,
      0.99,
      0.01,
      0.01,
      0.01,
      0.05,
      0.01,
      0.01
    ],
    "task_expert": [
      0.05,
      0.01,
      0.05,
      0.01,
      0.05,
      0.01,
      0.05,
      0.01,
      0.05,
      0.01
    ]
  },
  "trained_per_episode": {
    "task_easy": [
      0.6,
      0.3,
      0.57,
      0.99,
      0.05,
      0.01,
      0.05,
      0.99,
      0.05,
      0.99
    ],
    "task_medium": [
      0.99,
      0.01,
      0.89,
      0.25,
      0.01,
      0.99,
      0.99,
      0.99,
      0.99,
      0.25
    ],
    "task_hard": [
      0.05,
      0.01,
      0.01,
      0.99,
      0.01,
      0.01,
      0.01,
      0.05,
      0.05,
      0.01
    ],
    "task_expert": [
      0.05,
      0.01,
      0.05,
      0.01,
      0.05,
      0.05,
      0.05,
      0.01,
      0.05,
      0.01
    ]
  },
  "n_episodes_per_task": 10,
  "training_config": "single-phase task_hard, 40 steps, num_gen=8",
  "seed": 42,
  "model_name": "Qwen/Qwen2.5-3B-Instruct",
  "model_tag": "qwen3b",
  "model_label": "Qwen2.5-3B"
}